,Air Pollution,Data Protection,National Security
Air Pollution,1.0,2.0278073057623305e-15,0.6464404329566076
Data Protection,2.0278073057623305e-15,1.0,2.440455038932916e-11
National Security,0.6464404329566076,2.440455038932916e-11,1.0
