,Air Pollution,Data Protection,National Security
Air Pollution,1.0,1.1796706459446829e-13,0.05967957506251846
Data Protection,1.1796706459446829e-13,1.0,4.953304845515884e-07
National Security,0.05967957506251846,4.953304845515884e-07,1.0
