,Air Pollution,Data Protection,National Security
Air Pollution,1.0,0.005107257473810124,0.014896145524674682
Data Protection,0.005107257473810124,1.0,8.191290007089236e-09
National Security,0.014896145524674682,8.191290007089236e-09,1.0
