,Air Pollution,Data Protection,National Security
Air Pollution,1.0,7.418390954817264e-11,0.06670852096424651
Data Protection,7.418390954817264e-11,1.0,3.421495978621515e-05
National Security,0.06670852096424651,3.421495978621515e-05,1.0
