,Air Pollution,Data Protection,National Security
Air Pollution,1.0,0.01732886415234242,1.0
Data Protection,0.01732886415234242,1.0,0.022637495516907507
National Security,1.0,0.022637495516907507,1.0
