,Innovation,Status Quo,Unconstrained
Innovation,1.0,1.0055809829789553e-05,0.0003923314916626362
Status Quo,1.0055809829789553e-05,1.0,1.0
Unconstrained,0.0003923314916626362,1.0,1.0
