,Air Pollution,Data Protection,National Security
Air Pollution,1.0,3.0611993319820653e-14,0.01253136136389447
Data Protection,3.0611993319820653e-14,1.0,8.829694735705806e-26
National Security,0.01253136136389447,8.829694735705806e-26,1.0
