,Air Pollution,Data Protection,National Security
Air Pollution,1.0,0.3332034516513701,0.0022702146330354587
Data Protection,0.3332034516513701,1.0,0.22782235813331997
National Security,0.0022702146330354587,0.22782235813331997,1.0
