,Air Pollution,Data Protection,National Security
Air Pollution,1.0,0.05356082446553241,0.076584395791996
Data Protection,0.05356082446553241,1.0,1.2556249011429328e-05
National Security,0.076584395791996,1.2556249011429328e-05,1.0
