,Innovation,Status Quo,Unconstrained
Innovation,1.0,1.0507278647311835e-14,0.006742362821836535
Status Quo,1.0507278647311835e-14,1.0,4.3908319646580166e-06
Unconstrained,0.006742362821836535,4.3908319646580166e-06,1.0
