,Innovation,Status Quo,Unconstrained
Innovation,1.0,6.747720299285002e-18,0.0007118330607029176
Status Quo,6.747720299285002e-18,1.0,1.203372573223727e-06
Unconstrained,0.0007118330607029176,1.203372573223727e-06,1.0
