,Air Pollution,Data Protection,National Security
Air Pollution,1.0,0.014535214213015252,4.2603596620457575e-15
Data Protection,0.014535214213015252,1.0,1.0230185376248206e-26
National Security,4.2603596620457575e-15,1.0230185376248206e-26,1.0
